circle_name,member_id
circle0,71
circle0,215
circle0,54
circle0,61
circle0,298
circle0,229
circle0,81
circle0,253
circle0,193
circle0,97
circle0,264
circle0,29
circle0,132
circle0,110
circle0,163
circle0,259
circle0,183
circle0,334
circle0,245
circle0,222
circle1,173
circle2,155
circle2,99
circle2,327
circle2,140
circle2,116
circle2,147
circle2,144
circle2,150
circle2,270
circle3,51
circle3,83
circle3,237
circle4,125
circle4,344
circle4,295
circle4,257
circle4,55
circle4,122
circle4,223
circle4,59
circle4,268
circle4,280
circle4,84
circle4,156
circle4,258
circle4,236
circle4,250
circle4,239
circle4,69
circle5,23
circle6,337
circle6,289
circle6,93
circle6,17
circle6,111
circle6,52
circle6,137
circle6,343
circle6,192
circle6,35
circle6,326
circle6,310
circle6,214
circle6,32
circle6,115
circle6,321
circle6,209
circle6,312
circle6,41
circle6,20
circle7,225
circle7,46
circle8,282
circle9,336
circle9,204
circle9,74
circle9,206
circle9,292
circle9,146
circle9,154
circle9,164
circle9,279
circle9,73
circle10,42
circle10,14
circle10,216
circle10,2
circle11,324
circle11,265
circle11,54
circle11,161
circle11,298
circle11,76
circle11,165
circle11,199
circle11,203
circle11,13
circle11,66
circle11,113
circle11,97
circle11,252
circle11,313
circle11,238
circle11,158
circle11,240
circle11,331
circle11,332
circle11,134
circle11,218
circle11,118
circle11,235
circle11,311
circle11,151
circle11,308
circle11,212
circle11,70
circle11,211
circle12,278
circle13,138
circle13,131
circle13,68
circle13,143
circle13,86
circle14,175
circle14,227
circle15,108
circle15,208
circle15,251
circle15,125
circle15,325
circle15,176
circle15,133
circle15,276
circle15,198
circle15,271
circle15,288
circle15,316
circle15,96
circle15,246
circle15,347
circle15,121
circle15,7
circle15,3
circle15,170
circle15,323
circle15,56
circle15,338
circle15,23
circle15,109
circle15,141
circle15,67
circle15,345
circle15,55
circle15,114
circle15,122
circle15,50
circle15,304
circle15,318
circle15,65
circle15,15
circle15,45
circle15,317
circle15,322
circle15,26
circle15,31
circle15,168
circle15,124
circle15,285
circle15,255
circle15,129
circle15,40
circle15,172
circle15,274
circle15,95
circle15,207
circle15,128
circle15,339
circle15,233
circle15,1
circle15,294
circle15,280
circle15,224
circle15,269
circle15,256
circle15,60
circle15,328
circle15,189
circle15,146
circle15,77
circle15,196
circle15,64
circle15,286
circle15,89
circle15,22
circle15,39
circle15,190
circle15,281
circle15,117
circle15,38
circle15,213
circle15,135
circle15,197
circle15,291
circle15,21
circle15,315
circle15,261
circle15,47
circle15,36
circle15,186
circle15,169
circle15,342
circle15,49
circle15,9
circle15,16
circle15,185
circle15,219
circle15,123
circle15,72
circle15,309
circle15,103
circle15,157
circle15,277
circle15,105
circle15,139
circle15,148
circle15,248
circle15,341
circle15,62
circle15,98
circle15,63
circle15,297
circle15,242
circle15,10
circle15,152
circle15,236
circle15,308
circle15,82
circle15,87
circle15,136
circle15,200
circle15,183
circle15,247
circle15,290
circle15,303
circle15,319
circle15,6
circle15,314
circle15,104
circle15,127
circle15,25
circle15,69
circle15,171
circle15,119
circle15,79
circle15,340
circle15,301
circle15,188
circle15,142
circle16,251
circle16,94
circle16,330
circle16,5
circle16,34
circle16,299
circle16,254
circle16,24
circle16,180
circle16,194
circle16,281
circle16,101
circle16,266
circle16,135
circle16,197
circle16,173
circle16,36
circle16,9
circle16,85
circle16,57
circle16,37
circle16,258
circle16,309
circle16,80
circle16,139
circle16,202
circle16,187
circle16,249
circle16,58
circle16,127
circle16,48
circle16,92
circle17,90
circle17,52
circle17,172
circle17,126
circle17,294
circle17,179
circle17,145
circle17,105
circle17,210
circle18,177
circle19,93
circle19,33
circle19,333
circle19,17
circle19,137
circle19,44
circle19,343
circle19,326
circle19,214
circle19,115
circle19,312
circle19,41
circle19,20
circle20,244
circle20,282
circle20,262
circle20,293
circle20,220
circle20,174
circle21,12
circle22,267
circle23,28
circle23,149
circle23,162
